axis,step,b_mT,bX_mT,bY_mT,bZ_mT,mX,mY,mZ,bParallel_mT,mParallel
diagonal,1,0.0,0.0,0.0,0.0,0.9950748697,1.72331e-05,1.4807948969999999e-21,0.0,0.7036363737950612
diagonal,2,1.0357142857,0.7323605948,0.7323605948,6.341920924e-17,0.9934474498,0.054409910400000004,6.574603277e-20,1.0357142857137869,0.7409470451136548
diagonal,3,2.0714285714,1.4647211896,1.4647211896,1.268384185e-16,0.9891792285000001,0.1020835647,1.307273605e-19,2.0714285714275738,0.7716393211282931
diagonal,4,3.1071428571,2.1970817844,2.1970817844,1.902576277e-16,0.9832504457000001,0.1441099837,1.9589081450000002e-19,3.1071428571413606,0.7971642044701182
diagonal,5,4.1428571429,2.9294423792,2.9294423792,2.53676837e-16,0.9763218398000001,0.1813208014,2.610258786e-19,4.1428571428551475,0.8185769617832255
diagonal,6,5.1785714286,3.661802974,3.661802974,3.170960462e-16,0.9688468285,0.21439280730000002,3.254769184e-19,5.178571428568934,0.8366767702428809
diagonal,7,6.2142857143,4.3941635688,4.3941635688,3.805152554e-16,0.9611368587,0.2438918833,3.906129723e-19,6.214285714282721,0.8520839949928947
diagonal,8,7.25,5.1265241636,5.1265241636,4.4393446470000003e-16,0.9534035189000001,0.270297752,4.554028332e-19,7.249999999996508,0.8652874667999866
diagonal,9,8.2857142857,5.8588847584,5.8588847584,5.073536738999999e-16,0.9457875657,0.2940195815,5.19761184e-19,8.285714285710295,0.8766760411486682
diagonal,10,9.3214285714,6.5912453532,6.5912453532,5.707728831999999e-16,0.9383795869,0.315407143,5.844381395e-19,9.32142857142408,0.8865610988739964
diagonal,11,10.3571428571,7.323605948,7.323605948,6.341920924e-16,0.9312349085,0.3347596152,6.489341427e-19,10.357142857137868,0.8951933126533034
diagonal,12,11.3928571429,8.0559665428,8.0559665428,6.976113017000001e-16,0.9243843327000001,0.35233299020000003,7.126375847e-19,11.392857142851655,0.9027754766809252
diagonal,13,12.4285714286,8.7883271376,8.7883271376,7.610305109e-16,0.9178418489,0.3683464148,7.775467564999999e-19,12.428571428565443,0.9094724431448216
diagonal,14,13.4642857143,9.5206877324,9.5206877324,8.244497200999999e-16,0.9116101006,0.38298770790000003,8.407672115e-19,13.46428571427923,0.9154188892995936
diagonal,15,14.5,10.2530483272,10.2530483272,8.878689294000001e-16,0.9056842693,0.3964180813,9.05008671e-19,14.499999999993015,0.9207254019082035
diagonal,16,15.5357142857,10.985408922,10.985408922,9.512881386e-16,0.9000547931,0.4087761867,9.692324333e-19,15.535714285706803,0.9254832612436132
diagonal,17,16.5714285714,11.7177695168,11.7177695168,0.0,0.8947092392,0.42018157040000004,1.0323387550000002e-18,16.57142857142059,0.9297682079880296
diagonal,18,17.6071428571,12.4501301116,12.4501301116,0.0,0.8896335989,0.4307375894,1.0956635130000001e-18,17.607142857134377,0.93364342093027
diagonal,19,18.6428571429,13.1824907064,13.1824907064,0.0,0.8848131802,0.4405338562,1.159366376e-18,18.64285714284816,0.937161876863934
diagonal,20,19.6785714286,13.9148513012,13.9148513012,0.0,0.8802331857000001,0.4496483147,1.2231111570000001e-18,19.678571428561952,0.9403682271073804
diagonal,21,20.7142857143,14.647211896,14.647211896,0.0,0.875879092,0.4581489778,1.2860260910000001e-18,20.714285714275736,0.9433002944487812
diagonal,22,21.75,15.3795724908,15.3795724908,0.0,0.8717369094,0.4660953694,1.3485514000000002e-18,21.749999999989523,0.9459902764297319
diagonal,23,22.7857142857,16.1119330856,16.1119330856,0.0,0.8677932971000001,0.4735397737,1.4115690070000002e-18,22.78571428570331,0.9484657101924556
diagonal,24,23.8214285714,16.8442936804,16.8442936804,0.0,0.8640356769,0.48052823110000004,1.4747644090000003e-18,23.821428571417098,0.9507502570854853
diagonal,25,24.8571428571,17.5766542752,17.5766542752,0.0,0.8604522264000001,0.4871014414,1.5376198630000004e-18,24.857142857130885,0.9528643365141843
diagonal,26,25.8928571429,18.30901487,18.30901487,0.0,0.8570319154,0.49329546290000004,1.600096179e-18,25.89285714284467,0.9548256460177826
diagonal,27,26.9285714286,19.0413754648,19.0413754648,0.0,0.8537644442000001,0.4991423742,1.6620624540000001e-18,26.92857142855846,0.9566495856041572
diagonal,28,27.9642857143,19.7737360596,19.7737360596,0.0,0.8506402420000001,0.5046707734,1.7244056750000002e-18,27.964285714272247,0.9583496096061654
diagonal,29,29.0,20.5060966544,20.5060966544,0.0,0.8476504434000001,0.5099062122,1.7865036980000003e-18,28.99999999998603,0.9599375170196904
diagonal,30,30.0,21.2132034356,21.2132034356,0.0,0.8448835422000001,0.5147046502,1.846788077e-18,30.00000000000506,0.9613740304672006
diagonal,31,28.9830508475,20.4941117937,20.4941117937,0.0,0.8476982644000001,0.5098228356,1.7860110430000002e-18,28.98305084744094,0.9599123754138214
diagonal,32,27.9661016949,19.7750201518,19.7750201518,0.0,0.8506348205,0.5046802659,1.724988054e-18,27.966101694876823,0.9583524882378717
diagonal,33,26.9491525424,19.0559285099,19.0559285099,0.0,0.853700918,0.49925532250000004,1.663839532e-18,26.949152542312703,0.9566845323062076
diagonal,34,25.9322033898,18.3368368681,18.3368368681,0.0,0.8569049868,0.4935238031,1.6019915460000002e-18,25.93220338989001,0.9548973548478336
diagonal,35,24.9152542373,17.6177452262,17.6177452262,0.0,0.8602560312,0.4874587664,1.5405105230000001e-18,24.915254237325893,0.9529782724884155
diagonal,36,23.8983050847,16.8986535843,16.8986535843,0.0,0.8637637726,0.48103000570000004,1.4790478490000002e-18,23.898305084761777,0.9509127999334088
diagonal,37,22.8813559322,16.1795619424,16.1795619424,0.0,0.8674386235,0.4742036358,1.41797595e-18,22.881355932197657,0.9486843394774704
diagonal,38,21.8644067797,15.4604703005,15.4604703005,0.0,0.8712916909,0.4669415449,1.3562776400000002e-18,21.864406779633544,0.9462737958433962
diagonal,39,20.8474576271,14.7413786586,14.7413786586,0.0,0.8753348289,0.4592006843,1.293924256e-18,20.847457627069424,0.9436591111179895
diagonal,40,19.8305084746,14.0222870168,14.0222870168,0.0,0.8795805695000001,0.45093233050000003,1.2316825190000002e-18,19.83050847464673,0.9408146940461789
diagonal,41,18.813559322,13.3031953749,13.3031953749,0.0,0.8840420805,0.4420811483,1.169579668e-18,18.81355932208261,0.9377107277734795
diagonal,42,17.7966101695,12.584103733,12.584103733,0.0,0.8887330448,0.4325840964,1.107482391e-18,17.796610169518495,0.9343123106405431
diagonal,43,16.7796610169,11.8650120911,11.8650120911,0.0,0.8936674642,0.42236912590000003,1.0456208130000001e-18,16.77966101695438,0.9305783971493309
diagonal,44,15.7627118644,11.1459204492,11.1459204492,9.651877315e-16,0.8988592908,0.4113536924,9.825411404e-19,15.76271186439026,0.9264604852193761
diagonal,45,14.7457627119,10.4268288073,10.4268288073,9.029175553e-16,0.9043219829,0.3994428802,9.200420384e-19,14.745762711826144,0.9219009757707608
diagonal,46,13.7288135593,9.7077371654,9.7077371654,8.406473791e-16,0.910067751,0.38652725390000003,8.578743743e-19,13.728813559262026,0.9168311204173949
diagonal,47,12.7118644068,8.9886455236,8.9886455236,7.783772027999999e-16,0.9161064680000001,0.37248031130000003,7.946422324e-19,12.711864406839332,0.9111684497903633
diagonal,48,11.6949152542,8.2695538817,8.2695538817,7.161070266e-16,0.9224441118000001,0.3571554503,7.3170801969999995e-19,11.694915254275214,0.9048135275642468
diagonal,49,10.677966101700001,7.5504622398,7.5504622398,6.538368504e-16,0.9290804841,0.34038246440000003,6.690554803e-19,10.677966101711096,0.897645859349419
diagonal,50,9.6610169491,6.8313705979,6.8313705979,5.915666742e-16,0.9360060683,0.321963343,6.052567704e-19,9.66101694914698,0.8895187012554792
diagonal,51,8.6440677966,6.112278956,6.112278956,5.292964979e-16,0.9431974833000001,0.3016675252,5.42554378e-19,8.644067796582863,0.8802524891721992
diagonal,52,7.6271186441,5.3931873141,5.3931873141,4.670263217000001e-16,0.9506111858,0.2792263351,4.786539504000001e-19,7.627118644018746,0.8696264507860425
diagonal,53,6.6101694915,4.6740956722,4.6740956722,4.047561455e-16,0.9581747114,0.25432659290000004,4.1561646669999994e-19,6.610169491454629,0.8573678944680636
diagonal,54,5.593220339,3.9550040304,3.9550040304,3.424859693e-16,0.9657745909000001,0.22660306260000002,3.512803969e-19,5.593220339031933,0.8431383245251536
diagonal,55,4.5762711864,3.2359123885,3.2359123885,2.8021579299999997e-16,0.9732396397,0.1956292755,2.8825900149999997e-19,4.5762711864678165,0.8265151362560836
diagonal,56,3.5593220339,2.5168207466,2.5168207466,2.179456168e-16,0.9803178742,0.1609052089,2.240860832e-19,3.5593220339036993,0.806966580906629
diagonal,57,2.5423728814,1.7977291047000001,1.7977291047000001,1.556754406e-16,0.9866437091,0.12183897140000001,1.5982269449999998e-19,2.542372881339582,0.7838156202093912
diagonal,58,1.5254237287999999,1.0786374628,1.0786374628,9.340526434000002e-17,0.9916891877,0.0777158563,9.579817513999999e-20,1.5254237287754648,0.7561835584474983
diagonal,59,0.5084745763,0.35954582090000003,0.35954582090000003,3.1135088110000003e-17,0.9946849683000001,0.027641112000000002,3.2171296599999995e-20,0.508474576211348,0.722893703963993
diagonal,60,0.5084745763,-0.35954582090000003,-0.35954582090000003,-3.1135088110000003e-17,0.9944763600000001,-0.029575681000000003,-3.258671195e-20,-0.508474576211348,0.6822878132924042
diagonal,61,1.5254237287999999,-1.0786374628,-1.0786374628,-9.340526434000002e-17,0.9892159716000001,-0.09568641010000001,-9.617091689e-20,-1.5254237287754648,0.6318208121272924
diagonal,62,2.5423728814,-1.7977291047000001,-1.7977291047000001,-1.556754406e-16,0.9755243834,-0.1737676775,-1.6101496289999999e-19,-2.542372881339582,0.5669276036036786
diagonal,63,3.5593220339,-2.5168207466,-2.5168207466,-2.179456168e-16,0.9447304195,-0.2716565407,-2.248557962e-19,-3.5593220339036993,0.4759351039390124
diagonal,64,4.5762711864,-3.2359123885,-3.2359123885,-2.8021579299999997e-16,0.21911347050000002,-0.6144571788000001,-2.906903029e-19,-4.5762711864678165,-0.27955021703836647
diagonal,65,5.593220339,-3.9550040304,-3.9550040304,-3.424859693e-16,0.0094527781,-0.654086276,-3.557338902e-19,-5.593220339031933,-0.4558247177450941
diagonal,66,6.6101694915,-4.6740956722,-4.6740956722,-4.047561455e-16,-0.11794980340000001,-0.6712409635000001,-4.202387785e-19,-6.610169491454629,-0.558042142924802
diagonal,67,7.6271186441,-5.3931873141,-5.3931873141,-4.670263217000001e-16,-0.20774392100000003,-0.680504917,-4.853777231e-19,-7.627118644018746,-0.6280867767308712
diagonal,68,8.6440677966,-6.112278956,-6.112278956,-5.292964979e-16,-0.2688832292,-0.6852040484,-5.496265512e-19,-8.644067796582863,-0.6746415838347721
diagonal,69,9.6610169491,-6.8313705979,-6.8313705979,-5.915666742e-16,-0.31739113420000004,-0.6887207042,-6.144203661999999e-19,-9.66101694914698,-0.7114285035647039
diagonal,70,10.677966101700001,-7.5504622398,-7.5504622398,-6.538368504e-16,-0.3578551997,-0.6916149834,-6.793041767e-19,-10.677966101711096,-0.7420874831230977
diagonal,71,11.6949152542,-8.2695538817,-8.2695538817,-7.161070266e-16,-0.39231875590000004,-0.6939926916,-7.436769827e-19,-11.694915254275214,-0.7681381910078242
diagonal,72,12.7118644068,-8.9886455236,-8.9886455236,-7.783772027999999e-16,-0.4221798383,-0.6958996403000001,-8.075733638000001e-19,-12.711864406839332,-0.7906015812235794
diagonal,73,13.7288135593,-9.7077371654,-9.7077371654,-8.406473791e-16,-0.9100674975,-0.38652781480000004,-8.574934777999999e-19,-13.728813559262026,-0.9168313377820194
diagonal,74,14.7457627119,-10.4268288073,-10.4268288073,-9.029175553e-16,-0.9043220687,-0.39944279390000004,-9.201612264e-19,-14.745762711826144,-0.9219009754172075
diagonal,75,15.7627118644,-11.1459204492,-11.1459204492,-9.651877315e-16,-0.8988593801,-0.4113536034,-9.831645189e-19,-15.76271186439026,-0.9264604854315082
diagonal,76,16.7796610169,-11.8650120911,-11.8650120911,-0.0,-0.8936675581,-0.42236903210000004,-1.045129407e-18,-16.77966101695438,-0.9305783972200415
diagonal,77,17.7966101695,-12.584103733,-12.584103733,-0.0,-0.8887331426,-0.432583998,-1.10729267e-18,-17.796610169518495,-0.9343123102162789
diagonal,78,18.813559322,-13.3031953749,-13.3031953749,-0.0,-0.8840421711,-0.4420810578,-1.1700203730000001e-18,-18.81355932208261,-0.9377107278441903
diagonal,79,19.8305084746,-14.0222870168,-14.0222870168,-0.0,-0.8795806508,-0.4509322496,-1.232368448e-18,-19.83050847464673,-0.9408146943290217
diagonal,80,20.8474576271,-14.7413786586,-14.7413786586,-0.0,-0.8753349059000001,-0.45920060760000003,-1.294129226e-18,-20.847457627069424,-0.9436591113301216
diagonal,81,21.8644067797,-15.4604703005,-15.4604703005,-0.0,-0.871291769,-0.46694146810000003,-1.355528737e-18,-21.864406779633544,-0.946273796762635
diagonal,82,22.8813559322,-16.1795619424,-16.1795619424,-0.0,-0.8674386951,-0.4742035646,-1.417385661e-18,-22.881355932197657,-0.9486843397603131
diagonal,83,23.8983050847,-16.8986535843,-16.8986535843,-0.0,-0.8637638516,-0.4810299274,-1.4796327080000002e-18,-23.898305084761777,-0.9509128004283834
diagonal,84,24.9152542373,-17.6177452262,-17.6177452262,-0.0,-0.8602561014000001,-0.48745869610000003,-1.5411416950000003e-18,-24.915254237325893,-0.9529782724177049
diagonal,85,25.9322033898,-18.3368368681,-18.3368368681,-0.0,-0.8569050435000001,-0.4935237489,-1.6025840650000002e-18,-25.93220338989001,-0.9548973566156005
diagonal,86,26.9491525424,-19.0559285099,-19.0559285099,-0.0,-0.8537009898,-0.4992552517,-1.663531902e-18,-26.949152542312703,-0.9566845330133144
diagonal,87,27.9661016949,-19.7750201518,-19.7750201518,-0.0,-0.8506348867,-0.5046802011,-1.7243934500000001e-18,-27.966101694876823,-0.958352489227821
diagonal,88,28.9830508475,-20.4941117937,-20.4941117937,-0.0,-0.8476983415,-0.5098227591,-1.7856096470000003e-18,-28.98305084744094,-0.9599123758380854
diagonal,89,30.0,-21.2132034356,-21.2132034356,-0.0,-0.8448835441,-0.5147046502,-1.8470247980000003e-18,-30.00000000000506,-0.9613740318107035
diagonal,90,29.0,-20.5060966544,-20.5060966544,-0.0,-0.8476503785,-0.5099062726,-1.7870317610000002e-18,-28.99999999998603,-0.95993751383771
diagonal,91,27.9827586207,-19.786798377,-19.786798377,-0.0,-0.8505857048000001,-0.5047667041,-1.7259478180000001e-18,-27.982758620695346,-0.9583788792307125
diagonal,92,26.9655172414,-19.0675000996,-19.0675000996,-0.0,-0.8536505093000001,-0.4993449794,-1.6648382310000003e-18,-26.96551724140466,-0.9567122849745768
diagonal,93,25.9482758621,-18.3482018222,-18.3482018222,-0.0,-0.856853225,-0.4936169107,-1.6030846350000002e-18,-25.948275862113977,-0.9549265907433873
diagonal,94,24.9310344828,-17.6289035448,-17.6289035448,-0.0,-0.8602028613,-0.4875555748,-1.5414645240000001e-18,-24.931034482823293,-0.9530091295676864
diagonal,95,23.9137931034,-16.9096052673,-16.9096052673,-0.0,-0.8637091290000001,-0.4811308006,-1.4801948490000003e-18,-23.91379310339119,-0.9509454338305994
diagonal,96,22.8965517241,-16.1903069899,-16.1903069899,-0.0,-0.8673824289000001,-0.47430874510000004,-1.418895604e-18,-22.896551724100505,-0.9487189273935402
diagonal,97,21.8793103448,-15.4710087125,-15.4710087125,-0.0,-0.871233879,-0.46705132,-1.357195242e-18,-21.879310344809817,-0.9463105393744883
diagonal,98,20.8620689655,-14.7517104351,-14.7517104351,-0.0,-0.8752753213000001,-0.4593155282,-1.2953695860000001e-18,-20.862068965519132,-0.9436982397909652
diagonal,99,19.8448275862,-14.0324121577,-14.0324121577,-0.0,-0.8795193135,-0.4510526684,-1.2327701200000001e-18,-19.844827586228448,-0.9408564712583143
diagonal,100,18.8275862069,-13.3131138803,-13.3131138803,-0.0,-0.8839790145,-0.4422074709,-1.1704466600000001e-18,-18.827586206937763,-0.9377554569442944
diagonal,101,17.8103448276,-12.5938156029,-12.5938156029,-0.0,-0.8886681098,-0.4327169595,-1.1087667580000001e-18,-17.81034482764708,-0.934360343060686
diagonal,102,16.7931034483,-11.8745173254,-11.8745173254,-0.0,-0.8936005966,-0.4225091709,-1.0462442110000001e-18,-16.79310344821497,-0.9306301413851006
diagonal,103,15.775862069,-11.155219048,-11.155219048,-9.659929493e-16,-0.8987904535000001,-0.4115016299,-9.833450552e-19,-15.775862068924287,-0.9265164175071894
diagonal,104,14.7586206897,-10.4359207706,-10.4359207706,-9.037048794e-16,-0.9042511678,-0.3995995048,-9.206553086e-19,-14.7586206896336,-0.9219616522501011
diagonal,105,13.7413793103,-9.7166224932,-9.7166224932,-8.414168094e-16,-0.9099949842,-0.3866934669,-8.586415855e-19,-13.741379310342916,-0.9168971968590911
diagonal,106,12.724137931,-8.9973242158,-8.9973242158,-7.791287395e-16,-0.9160318244000001,-0.3726571315,-7.951173449e-19,-12.724137931052233,-0.9112406995571019
diagonal,107,11.7068965517,-8.2780259384,-8.2780259384,-7.168406694999999e-16,-0.9223676972,-0.3573440726,-7.324592e-19,-11.706896551761549,-0.9048928703898182
diagonal,108,10.6896551724,-7.558727661,-7.558727661,-6.545525995e-16,-0.9290025343,-0.3405841979,-6.696299825000001e-19,-10.689655172470863,-0.8977333876430894
diagonal,109,9.6724137931,-6.8394293835,-6.8394293835,-5.9226452959999995e-16,-0.9359269227,-0.32217969830000004,-6.058166634999999e-19,-9.672413793038757,-0.8896157231647938
diagonal,110,8.6551724138,-6.1201311061,-6.1201311061,-5.299764596e-16,-0.9431176549,-0.3019002033,-5.432492425999999e-19,-8.65517241374807,-0.8803605702315715
diagonal,111,7.6379310345,-5.4008328287000005,-5.4008328287000005,-4.676883897e-16,-0.9505314132,-0.2794772685,-4.791425336e-19,-7.637931034457388,-0.8697474797483957
diagonal,112,6.6206896552,-4.6815345513,-4.6815345513,-4.0540031970000003e-16,-0.9580960438,-0.254597952,-4.1627885649999994e-19,-6.620689655166703,-0.8575041479343906
diagonal,113,5.6034482759,-3.9622362739,-3.9622362739,-3.431122498e-16,-0.9656984807000001,-0.2268973018,-3.519300722e-19,-5.603448275876017,-0.843292565020227
diagonal,114,4.5862068966,-3.2429379965,-3.2429379965,-2.808241798e-16,-0.9731680864000001,-0.1959491546,-2.8887925729999997e-19,-4.586206896585333,-0.8266907291132072
diagonal,115,3.5689655172,-2.5236397191,-2.5236397191,-2.185361098e-16,-0.9802535987000001,-0.1612538644,-2.244592529e-19,-3.5689655172946484,-0.8071676679330627
diagonal,116,2.5517241379,-1.8043414417,-1.8043414417,-1.562480399e-16,-0.9865904107000001,-0.1222200283,-1.6041877229999999e-19,-2.5517241380039635,-0.7840473804673328
diagonal,117,1.5344827586,-1.0850431642,-1.0850431642,-9.395996993000002e-17,-0.9916519201,-0.0781336811,-9.640011097e-20,-1.5344827585718572,-0.7564526530242476
diagonal,118,0.5172413793,-0.3657448868,-0.3657448868,-3.1671899980000005e-17,-0.9946708072,-0.028101315300000002,-3.240241826e-20,-0.5172413792811724,-0.7232091034283084
diagonal,119,0.5,0.3535533906,0.3535533906,3.061616998e-17,-0.9944957134,0.0290651369,3.182887908e-20,0.5000000000095124,-0.682662507407988
diagonal,120,1.5172413793000001,1.072851668,1.072851668,9.290423994e-17,-0.9892857285000001,0.0951123324,9.564715891e-20,1.517241379300197,-0.6322760719389149
diagonal,121,2.5344827586000003,1.7921499454,1.7921499454,1.5519230990000001e-16,-0.9756780516,0.173102251,1.599093222e-19,2.5344827585908822,-0.5675067910204824
diagonal,122,3.5517241379,2.5114482228,2.5114482228,2.174803798e-16,-0.9450815653,0.270799797,2.2437505739999998e-19,3.5517241378815667,-0.4767892107953864
diagonal,123,4.5689655172,3.2307465002,3.2307465002,2.7976844980000004e-16,-0.2215538879,0.6138701025000001,2.90433186e-19,4.568965517172251,0.2774094557130969
diagonal,124,5.5862068966,3.9500447777,3.9500447777,3.420565198e-16,-0.0104916147,0.653933094,3.548689652e-19,5.586206896604358,0.4549818333097336
diagonal,125,6.6034482759,4.6693430551,4.6693430551,4.043445897e-16,0.117211246,0.671150283,4.1980237740000003e-19,6.603448275895042,0.5574557831824951
diagonal,126,7.6206896552,5.3886413325,5.3886413325,4.666326597e-16,0.20729360700000002,0.6804673638000001,4.849706647e-19,7.620689655185727,0.6277418025254327
diagonal,127,8.6379310345,6.1079396099,6.1079396099,5.289207296e-16,0.2685594409,0.6851803075,5.489658461000001e-19,8.637931034476411,0.6743958435807917
diagonal,128,9.6551724138,6.8272378873,6.8272378873,5.912087996e-16,0.3171381599,0.68870248,6.135833529e-19,9.655172413767097,0.7112367372663063
diagonal,129,10.6724137931,7.5465361647,7.5465361647,6.534968695e-16,0.35765179680000003,0.6916005851,6.789518216000001e-19,10.672413793057782,0.7419334744176271
diagonal,130,11.6896551724,8.2658344422,8.2658344422,7.157849395e-16,0.3921540646,0.6939817433000001,7.428298233999999e-19,11.689655172489887,0.7680139950556194
diagonal,131,12.7068965517,8.9851327196,8.9851327196,7.780730095e-16,0.4220413217,0.6958911654000001,8.072700626999999e-19,12.706896551780572,0.7904976425371527
diagonal,132,13.724137931,9.704430997,9.704430997,8.403610794e-16,0.9100946611,0.38646575510000003,8.572049118e-19,13.724137931071256,0.9168066625130725
diagonal,133,14.7413793103,10.4237292744,10.4237292744,9.026491494e-16,0.9043462194,0.3993893639,9.198821897e-19,14.74137931036194,0.9218802718256291
diagonal,134,15.7586206897,11.1430275518,11.1430275518,9.649372193e-16,0.8988808047,0.41130754890000004,9.82908067e-19,15.758620689652627,0.9264430694621983
diagonal,135,16.775862069,11.8623258292,11.8623258292,0.0,0.893686462,0.4223294299,1.0451117640000002e-18,16.77586206894331,0.9305637613117526
diagonal,136,17.7931034483,12.5816241066,12.5816241066,0.0,0.8887497315,0.43255005160000004,1.1070763020000002e-18,17.793103448233996,0.9343000366103245
diagonal,137,18.8103448276,13.300922384,13.300922384,0.0,0.8840566296,0.4420520918,1.1698154910000002e-18,18.81034482752468,0.9377004694925621
diagonal,138,19.8275862069,14.0202206615,14.0202206615,0.0,0.8795931556000001,0.4509076784,1.2321901500000002e-18,19.827586206956788,0.9408061620957571
diagonal,139,20.8448275862,14.7395189389,14.7395189389,0.0,0.8753456195,0.4591799265,1.2939684160000002e-18,20.844827586247472,0.9436520632432799
diagonal,140,21.8620689655,15.4588172163,15.4588172163,0.0,0.8713008407,0.46692423990000004,1.3553873250000003e-18,21.862068965538157,0.9462680292461743
diagonal,141,22.8793103448,16.1781154937,16.1781154937,0.0,0.8674462627,0.47418940800000003,1.4172615980000002e-18,22.879310344828838,0.9486796806337319
diagonal,142,23.8965517241,16.8974137711,16.8974137711,0.0,0.8637700368000001,0.4810185139,1.47931003e-18,23.896551724119526,0.9509091034619994
diagonal,143,24.9137931034,17.6167120485,17.6167120485,0.0,0.8602610248,0.48744973010000003,1.5410378130000002e-18,24.91379310341021,0.9529754138678311
diagonal,144,25.9310344828,18.3360103259,18.3360103259,0.0,0.8569088167000001,0.4935169655,1.6025231300000002e-18,25.931034482700895,0.9548952280827678
diagonal,145,26.9482758621,19.0553086034,19.0553086034,0.0,0.8537036959000001,0.4992504421,1.663258095e-18,26.948275862133002,0.9566830456142001
diagonal,146,27.9655172414,19.7746068808,19.7746068808,0.0,0.8506366071,0.5046771696,1.724513556e-18,27.965517241423687,0.9583515621401203
diagonal,147,28.9827586207,20.4939051582,20.4939051582,0.0,0.8476991612,0.5098213286000001,1.785593516e-18,28.98275862071437,0.9599119439372635
diagonal,148,30.0,21.2132034356,21.2132034356,0.0,0.8448835383000001,0.5147046538,1.8465744910000003e-18,30.00000000000506,0.9613740302550685
easy,1,0.0,0.0,0.0,0.0,0.9950748697,1.72331e-05,1.4807948969999999e-21,0.0,0.9949236157366567
easy,2,1.0357142857,1.0355565414,0.0180757067,6.341920924e-17,0.9952635870000001,0.0013221624000000001,6.594508999e-20,1.0357142857028836,0.9951350784506134
easy,3,2.0714285714,2.0711130828,0.036151413300000004,1.268384185e-16,0.9954375015,0.0024164389000000002,1.315880062e-19,2.071428571404022,0.9953280642208254
easy,4,3.1071428571,3.1066696242,0.054227120000000004,1.902576277e-16,0.9955986720000001,0.0033498503000000002,1.940970856e-19,3.1071428571069055,0.9955055004489037
easy,5,4.1428571429,4.1422261657,0.0723028267,2.53676837e-16,0.9957486722000001,0.0041574534,2.618523596e-19,4.142857142909774,0.9956695724206879
easy,6,5.1785714286,5.1777827071,0.09037853330000001,3.170960462e-16,0.9958887612,0.0048645215,3.239254781e-19,5.178571428610913,0.9958219801243147
easy,7,6.2142857143,6.2133392485,0.10845424000000001,3.805152554e-16,0.9960199782,0.0054898312,3.913405164e-19,6.214285714313795,0.9959640902983635
easy,8,7.25,7.2488957899,0.1265299467,4.4393446470000003e-16,0.9961431988,0.0060474484000000005,4.530717422e-19,7.250000000016679,0.9960970238932801
easy,9,8.2857142857,8.2844523313,0.1446056533,5.073536738999999e-16,0.9962591715,0.0065485407,5.201748967e-19,8.285714285717818,0.9962217241965584
easy,10,9.3214285714,9.3200088727,0.16268136,5.707728831999999e-16,0.9963685454000001,0.0070016003,5.842699356e-19,9.321428571420702,0.9963389884186633
easy,11,10.3571428571,10.3555654141,0.1807570667,6.341920924e-16,0.9964718867000001,0.0074137448,6.458450175e-19,10.357142857123586,0.9964495068926077
easy,12,11.3928571429,11.3911219555,0.19883277330000002,6.976113017000001e-16,0.9965696953000001,0.0077904820000000005,7.104895494e-19,11.392857142824722,0.9965538755666186
easy,13,12.4285714286,12.4266784969,0.21690848000000001,7.610305109e-16,0.9966624140000001,0.008136488,7.760497388e-19,12.428571428527606,0.9966526187824533
easy,14,13.4642857143,13.4622350384,0.23498418670000001,8.244497200999999e-16,0.9967504365000001,0.0084555805,8.399020984e-19,13.464285714330474,0.9967461968082012
easy,15,14.5,14.4977915798,0.2530598933,8.878689294000001e-16,0.996834117,0.008750918600000001,9.026496826000001e-19,14.500000000031612,0.9968350189238133
easy,16,15.5357142857,15.5333481212,0.2711356,9.512881386e-16,0.9969137722,0.0090252249,9.652096733e-19,15.535714285734496,0.9969194492969764
easy,17,16.5714285714,16.5689046626,0.2892113067,0.0,0.9969896886,0.0092807542,1.027353545e-18,16.57142857143738,0.9969998137357412
easy,18,17.6071428571,17.604461204,0.3072870133,0.0,0.9970621247,0.0095195383,1.090759144e-18,17.60714285713852,0.9970764061605363
easy,19,18.6428571429,18.6400177454,0.32536272,0.0,0.997131317,0.009743157,1.154328777e-18,18.642857142841404,0.9971494906066533
easy,20,19.6785714286,19.6755742868,0.3434384267,0.0,0.9971974773000001,0.0099531952,1.217186435e-18,19.678571428544288,0.997219306502153
easy,21,20.7142857143,20.7111308282,0.36151413330000004,0.0,0.9972608048,0.0101506974,1.2820187e-18,20.714285714245428,0.9972860712457344
easy,22,21.75,21.7466873697,0.37958984,0.0,0.9973214724,0.0103371178,1.344440578e-18,21.75000000004829,0.9973499830903543
easy,23,22.7857142857,22.7822439111,0.39766554670000004,0.0,0.9973796461000001,0.010513271000000001,1.4068984840000001e-18,22.785714285751176,0.9974112222274596
easy,24,23.8214285714,23.8178004525,0.4157412533,0.0,0.9974354786,0.0106799103,1.468008526e-18,23.821428571452312,0.9974699544806914
easy,25,24.8571428571,24.8533569939,0.43381696000000003,0.0,0.9974891061000001,0.0108379162,1.5289611930000001e-18,24.8571428571552,0.9975263313961497
easy,26,25.8928571429,25.8889135353,0.4518926667,0.0,0.9975406538,0.0109880845,1.59116108e-18,25.89285714285808,0.9975804920433909
easy,27,26.9285714286,26.9244700767,0.4699683733,0.0,0.9975902439000001,0.011130802700000001,1.6534512840000002e-18,26.928571428559223,0.9976325653666108
easy,28,27.9642857143,27.9600266181,0.48804408,0.0,0.9976379805000001,0.0112668675,1.7152673050000002e-18,27.964285714262104,0.9976826693542868
easy,29,29.0,28.9955831595,0.5061197867,0.0,0.9976839686000001,0.0113965573,1.777878885e-18,28.999999999964988,0.9977309138491769
easy,30,30.0,29.9954308547,0.5235721931,0.0,0.9977267968,0.0115163079,1.837371916e-18,30.00000000000794,0.9977758254623769
easy,31,28.9830508475,28.9786365884,0.5058239832,0.0,0.9976832179,0.0113951555,1.7770376750000004e-18,28.983050847426945,0.9977301387987287
easy,32,27.9661016949,27.9618423222,0.4880757732,0.0,0.9976380507,0.0112677796,1.716381701e-18,27.966101694944182,0.997682755461935
easy,33,26.9491525424,26.9450480559,0.47032756330000003,0.0,0.9975911984,0.0111342239,1.6567793590000003e-18,26.949152542363183,0.9976335794294088
easy,34,25.9322033898,25.9282537896,0.4525793534,0.0,0.9975425607,0.0109943212,1.5956628400000003e-18,25.932203389782188,0.9975825074983841
easy,35,24.9152542373,24.9114595234,0.4348311434,0.0,0.9974920411,0.010847176200000001,1.5351070380000001e-18,24.91525423729943,0.9975294275584186
easy,36,23.8983050847,23.8946652571,0.41708293350000003,0.0,0.9974395245000001,0.0106924242,1.4727318540000001e-18,23.898305084718434,0.9974742181621502
easy,37,22.8813559322,22.8778709909,0.3993347236,0.0,0.9973848898000001,0.0105295035,1.4114895730000001e-18,22.88135593223742,0.9974167484250062
easy,38,21.8644067797,21.8610767246,0.3815865136,0.0,0.9973280105000001,0.0103574876,1.348942402e-18,21.864406779654676,0.9973568756965986
easy,39,20.8474576271,20.8442824583,0.36383830370000003,0.0,0.9972687421,0.0101757646,1.2872948900000001e-18,20.847457627073677,0.9972944448198079
easy,40,19.8305084746,19.8274881921,0.3460900938,0.0,0.9972069347,0.0099832259,1.226182992e-18,19.830508474592662,0.997229286569727
easy,41,18.813559322,18.8106939258,0.3283418838,0.0,0.9971424191,0.009778973,1.1651418430000001e-18,18.81355932200992,0.9971612160911386
easy,42,17.7966101695,17.7938996596,0.31059367390000003,0.0,0.9970750137000001,0.009561779500000001,1.104078019e-18,17.796610169528908,0.99709003040807
easy,43,16.7796610169,16.7771053933,0.2928454639,0.0,0.9970045200000001,0.009330260200000001,1.0427290910000001e-18,16.779661016946164,0.9970155068756802
easy,44,15.7627118644,15.760311127,0.275097254,9.651877315e-16,0.9969307178000001,0.0090829546,9.808346462e-19,15.762711864365166,0.9969373998382675
easy,45,14.7457627119,14.7435168608,0.25734904410000004,9.029175553e-16,0.9968533694,0.0088179152,9.16622372e-19,14.745762711884153,0.9968554376434726
easy,46,13.7288135593,13.7267225945,0.23960083410000002,8.406473791e-16,0.9967722073,0.0085332191,8.541327435e-19,13.728813559301411,0.9967693192728053
easy,47,12.7118644068,12.7099283283,0.22185262420000001,7.783772027999999e-16,0.9966869413,0.008226288200000001,7.907586972e-19,12.711864406820396,0.9966787095764151
easy,48,11.6949152542,11.693134062,0.2041044143,7.161070266e-16,0.9965972443000001,0.0078943057,7.283771515e-19,11.6949152542394,0.9965832323441827
easy,49,10.677966101700001,10.6763397957,0.1863562043,6.538368504e-16,0.9965027571,0.0075337828,6.682241270000001e-19,10.677966101656656,0.9964824675428601
easy,50,9.6610169491,9.6595455295,0.16860799440000002,5.915666742e-16,0.9964030728000001,0.0071406672,6.036607851000001e-19,9.661016949175643,0.9963759376120338
easy,51,8.6440677966,8.6427512632,0.1508597845,5.292964979e-16,0.9962977368,0.0067099465,5.398687404e-19,8.644067796594644,0.9962631005424994
easy,52,7.6271186441,7.625956997,0.1331115745,4.670263217000001e-16,0.9961862365,0.006235536000000001,4.780327783999999e-19,7.627118644111886,0.996143337619671
easy,53,6.6101694915,6.6091627307,0.1153633646,4.047561455e-16,0.9960679857,0.0057098532,4.1596146929999997e-19,6.610169491530887,0.996015930399958
easy,54,5.593220339,5.5923684644,0.0976151546,3.424859693e-16,0.9959423129,0.005123445,3.4977397740000004e-19,5.593220338948145,0.9958800425062896
easy,55,4.5762711864,4.5755741982,0.0798669447,2.8021579299999997e-16,0.9958084402,0.0044641683,2.884564833e-19,4.576271186467132,0.9957346842308272
easy,56,3.5593220339,3.5587799319,0.062118734800000006,2.179456168e-16,0.9956654547,0.0037161665,2.2245270330000003e-19,3.5593220338861338,0.9955786660767819
easy,57,2.5423728814,2.5419856656,0.0443705248,1.556754406e-16,0.9955122612,0.0028585238000000002,1.616735709e-19,2.54237288130339,0.9954105279799157
easy,58,1.5254237287999999,1.5251913994000001,0.026622314900000003,9.340526434000002e-17,0.9953475167,0.001862666,9.669129308e-20,1.5254237288223773,0.9952284284562216
easy,59,0.5084745763,0.5083971331,0.008874105,3.1135088110000003e-17,0.9951695178000001,0.000688411,3.055636756e-20,0.5084745762413793,0.9950299630907953
easy,60,0.5084745763,-0.5083971331,-0.008874105,-3.1135088110000003e-17,0.9949759813000001,-0.0007229152,-3.092744321e-20,-0.5084745762413793,0.9948118250288837
easy,61,1.5254237287999999,-1.5251913994000001,-0.026622314900000003,-9.340526434000002e-17,0.9947636120000001,-0.0024609395000000003,-9.826152959e-20,-1.5254237288223773,0.9945691553672752
easy,62,2.5423728814,-2.5419856656,-0.0443705248,-1.556754406e-16,0.9945270829,-0.0046713786000000005,-1.612213068e-19,-2.54237288130339,0.9942940848102247
easy,63,3.5593220339,-3.5587799319,-0.062118734800000006,-2.179456168e-16,0.9942562312000001,-0.0076166725,-2.242499451e-19,-3.5593220338861338,0.9939718718960305
easy,64,4.5762711864,-4.5755741982,-0.0798669447,-2.8021579299999997e-16,0.9939230733000001,-0.0118526512,-2.897719643e-19,-4.576271186467132,0.9935648367156603
easy,65,5.593220339,-5.5923684644,-0.0976151546,-3.424859693e-16,-0.3298553345,-0.5120773274,-3.571124832e-19,-5.593220338948145,-0.33874207757996816
easy,66,6.6101694915,-6.6091627307,-0.1153633646,-4.047561455e-16,-0.4475447491,-0.4905398178,-4.230390848e-19,-6.610169491530887,-0.45603768614089707
easy,67,7.6271186441,-7.625956997,-0.1331115745,-4.670263217000001e-16,-0.5239093557,-0.4676985444,-4.888853717e-19,-7.627118644111886,-0.5319920268545096
easy,68,8.6440677966,-8.6427512632,-0.1508597845,-5.292964979e-16,-0.5902435989,-0.44573602900000003,-5.544191237e-19,-8.644067796594644,-0.5979328682828273
easy,69,9.6610169491,-9.6595455295,-0.16860799440000002,-5.915666742e-16,-0.9964030599,-0.0071410539,-6.039906344e-19,-9.661016949175643,-0.996375931462844
easy,70,10.677966101700001,-10.6763397957,-0.1863562043,-6.538368504e-16,-0.9965027537000001,-0.007533979400000001,-6.671847552e-19,-10.677966101656656,-0.996482467574521
easy,71,11.6949152542,-11.693134062,-0.2041044143,-7.161070266e-16,-0.9965972431000001,-0.0078943997,-7.285510377999999e-19,-11.6949152542394,-0.9965832327848916
easy,72,12.7118644068,-12.7099283283,-0.22185262420000001,-7.783772027999999e-16,-0.9966869412,-0.0082263104,-7.934851641999999e-19,-12.711864406820396,-0.9966787098638737
easy,73,13.7288135593,-13.7267225945,-0.23960083410000002,-8.406473791e-16,-0.9967722086,-0.0085331625,-8.560634411e-19,-13.728813559301411,-0.9967693195848011
easy,74,14.7457627119,-14.7435168608,-0.25734904410000004,-9.029175553e-16,-0.996853371,-0.0088178263,-9.176420945e-19,-14.745762711884153,-0.99685543769171
easy,75,15.7627118644,-15.760311127,-0.275097254,-9.651877315e-16,-0.9969307212,-0.0090827726,-9.790940583e-19,-15.762711864365166,-0.9969374000614116
easy,76,16.7796610169,-16.7771053933,-0.2928454639,-0.0,-0.9970045235,-0.0093300549,-1.040124788e-18,-16.779661016946164,-0.9970155067921681
easy,77,17.7966101695,-17.7938996596,-0.31059367390000003,-0.0,-0.9970750181,-0.0095615401,-1.102339617e-18,-17.796610169528908,-0.9970900306292937
easy,78,18.813559322,-18.8106939258,-0.3283418838,-0.0,-0.9971424249,-0.0097786453,-1.16545149e-18,-18.81355932200992,-0.9971612161711016
easy,79,19.8305084746,-19.8274881921,-0.3460900938,-0.0,-0.9972069411000001,-0.0099828674,-1.227956506e-18,-19.830508474592662,-0.9972292867120647
easy,80,20.8474576271,-20.8442824583,-0.36383830370000003,-0.0,-0.9972687492000001,-0.010175366600000001,-1.2894471960000002e-18,-20.847457627073677,-0.9972944449726688
easy,81,21.8644067797,-21.8610767246,-0.3815865136,-0.0,-0.9973280179,-0.0103570681,-1.3513242810000003e-18,-21.864406779654676,-0.997356875774187
easy,82,22.8813559322,-22.8778709909,-0.3993347236,-0.0,-0.9973848978000001,-0.0105290511,-1.412592535e-18,-22.88135593223742,-0.9974167485283191
easy,83,23.8983050847,-23.8946652571,-0.41708293350000003,-0.0,-0.9974395330000001,-0.0106919386,-1.4726403340000001e-18,-23.898305084718434,-0.997474218185967
easy,84,24.9152542373,-24.9114595234,-0.4348311434,-0.0,-0.9974920503,-0.0108466511,-1.5337463850000003e-18,-24.91525423729943,-0.9975294275927588
easy,85,25.9322033898,-25.9282537896,-0.4525793534,-0.0,-0.9975425727,-0.010993648200000001,-1.5935939020000002e-18,-25.932203389782188,-0.9975825077510868
easy,86,26.9491525424,-26.9450480559,-0.47032756330000003,-0.0,-0.9975912100000001,-0.0111335757,-1.6546984410000002e-18,-26.949152542363183,-0.9976335797149922
easy,87,27.9661016949,-27.9618423222,-0.4880757732,-0.0,-0.9976380625000001,-0.011267106300000001,-1.715388156e-18,-27.966101694944182,-0.9976827555094325
easy,88,28.9830508475,-28.9786365884,-0.5058239832,-0.0,-0.9976832295,-0.011394487200000001,-1.776883873e-18,-28.983050847426945,-0.9977301387335188
easy,89,30.0,-29.9954308547,-0.5235721931,-0.0,-0.9977267968,-0.0115163044,-1.837346063e-18,-30.00000000000794,-0.9977758254012934
easy,90,29.0,-28.9955831595,-0.5061197867,-0.0,-0.9976839569,-0.011397224800000001,-1.778035263e-18,-28.999999999964988,-0.9977309138004401
easy,91,27.9827586207,-27.978496711,-0.4883664767,-0.0,-0.9976388038,-0.0112699147,-1.717358642e-18,-27.982758620675735,-0.9976835457098672
easy,92,26.9655172414,-26.9614102625,-0.47061316670000003,-0.0,-0.9975919664,-0.011136420900000001,-1.6577948220000002e-18,-26.965517241386483,-0.9976343856553757
easy,93,25.9482758621,-25.944323814,-0.4528598567,-0.0,-0.9975433440000001,-0.010996585100000001,-1.5966726240000002e-18,-25.948275862097233,-0.9975833301895866
easy,94,24.9310344828,-24.9272373655,-0.43510654670000004,-0.0,-0.99749284,-0.0108495135,-1.5360466980000002e-18,-24.931034482807984,-0.9975302671282519
easy,95,23.9137931034,-23.9101509169,-0.4173532367,-0.0,-0.9974403379000001,-0.0106949495,-1.4750296700000001e-18,-23.913793103418744,-0.9974750755108274
easy,96,22.8965517241,-22.8930644684,-0.3995999267,-0.0,-0.9973857243,-0.0105318943,-1.4112160940000002e-18,-22.89655172412949,-0.997417624523121
easy,97,21.8793103448,-21.8759780199,-0.38184661670000003,-0.0,-0.9973288610000001,-0.0103600781,-1.3498336830000001e-18,-21.879310344840242,-0.9973577712775222
easy,98,20.8620689655,-20.8588915714,-0.3640933067,-0.0,-0.9972696113,-0.010178450300000001,-1.288170899e-18,-20.86206896555099,-0.9972953607593525
easy,99,19.8448275862,-19.8418051228,-0.3463399967,-0.0,-0.9972078235,-0.0099860146,-1.227036826e-18,-19.844827586161752,-0.9972302239038843
easy,100,18.8275862069,-18.8247186743,-0.3285866867,-0.0,-0.9971433283000001,-0.0097818752,-1.165981693e-18,-18.827586206872503,-0.997162175803037
easy,101,17.8103448276,-17.8076322258,-0.3108333767,-0.0,-0.9970759441,-0.0095648062,-1.104871133e-18,-17.81034482758325,-0.9970910134895641
easy,102,16.7931034483,-16.7905457773,-0.29308006670000003,-0.0,-0.9970054739,-0.0093333643,-1.042353175e-18,-16.793103448293998,-0.9970165148044114
easy,103,15.775862069,-15.7734593288,-0.2753267567,-9.659929493e-16,-0.9969316942,-0.0090862639,-9.816620566999998e-19,-15.775862069004745,-0.9969384338448055
easy,104,14.7586206897,-14.7563728802,-0.2575734467,-9.037048794e-16,-0.9968543707,-0.0088213839,-9.174188415e-19,-14.75862068961551,-0.996856499328132
easy,105,13.7413793103,-13.7392864317,-0.23982013670000002,-8.414168094e-16,-0.9967732352,-0.0085368422,-8.543348219e-19,-13.741379310326257,-0.996770410248065
easy,106,12.724137931,-12.7221999832,-0.2220668267,-7.791287395e-16,-0.9966879964,-0.0082301167,-7.919489841999999e-19,-12.724137931037006,-0.9966798313322563
easy,107,11.7068965517,-11.7051135347,-0.2043135167,-7.168406694999999e-16,-0.9965983289,-0.0078983597,-7.298975632e-19,-11.706896551747754,-0.9965843875310484
easy,108,10.6896551724,-10.6880270862,-0.1865602067,-6.545525995e-16,-0.9965038718,-0.0075380958,-6.686847696e-19,-10.689655172458503,-0.9964836573453147
easy,109,9.6724137931,-9.6709406376,-0.16880689670000001,-5.9226452959999995e-16,-0.9964042203000001,-0.0071452741000000005,-6.060123966e-19,-9.672413793069264,-0.9963771653387552
easy,110,8.6551724138,-8.6538541891,-0.1510535868,-5.299764596e-16,-0.9962989198000001,-0.0067148851,-5.405307109e-19,-8.655172413781761,-0.9962643695527773
easy,111,7.6379310345,-7.6367677406,-0.1333002768,-4.676883897e-16,-0.9961874563,-0.006240832,-4.787465723000001e-19,-7.6379310344925075,-0.9961446496618341
easy,112,6.6206896552,-6.6196812921,-0.1155469668,-4.0540031970000003e-16,-0.9960692455000001,-0.0057156024,-4.159307579e-19,-6.620689655203256,-0.9960172903454595
easy,113,5.6034482759,-5.6025948436,-0.0977936568,-3.431122498e-16,-0.9959436159,-0.0051297056,-3.510519587e-19,-5.603448275914005,-0.995881454570372
easy,114,4.5862068966,-4.585508395,-0.08004034680000001,-2.808241798e-16,-0.9958097905000001,-0.0044709730000000005,-2.89718452e-19,-4.586206896524768,-0.99573615308356
easy,115,3.5689655172,-3.5684219465,-0.0622870368,-2.185361098e-16,-0.9956668563000001,-0.0037237297,-2.230240557e-19,-3.568965517235516,-0.9955801994593518
easy,116,2.5517241379,-2.5513354980000003,-0.0445337268,-1.562480399e-16,-0.99551372,-0.0028670021,-1.6175086940000001e-19,-2.5517241379462643,-0.9954121345244707
easy,117,1.5344827586,-1.5342490495,-0.0267804168,-9.395996993000002e-17,-0.9953490405000001,-0.0018722585,-9.736284654e-20,-1.5344827586570127,-0.9952301194363483
easy,118,0.5172413793,-0.5171626009,-0.0090271068,-3.1671899980000005e-17,-0.9951711145000001,-0.0006994439,-3.111153236e-20,-0.517241379267776,-0.9950317520982651
easy,119,0.5,0.4999238476,0.008726203200000001,3.061616998e-17,-0.9949776668,0.0007099941000000001,3.000426993e-20,0.5000000000214757,-0.9948137357764626
easy,120,1.5172413793000001,1.5170102961,0.026479513200000002,9.290423994e-17,-0.9947654081,0.0024453239,9.724569654999999e-20,1.5172413793107276,-0.9945712237235185
easy,121,2.5344827586000003,2.5340967446000002,0.0442328232,1.5519230990000001e-16,-0.9945290317000001,0.0046518446,1.6068631429999999e-19,2.5344827585999794,-0.9942963742287204
easy,122,3.5517241379,3.5511831931,0.0619861332,2.174803798e-16,-0.9942584269,0.007590898400000001,2.237896854e-19,3.551724137889231,-0.9939745170816834
easy,123,4.5689655172,4.5682696417,0.07973944320000001,2.7976844980000004e-16,-0.9939259022,0.0118148851,2.8839762559999997e-19,4.568965517278468,-0.9935683242941317
easy,124,5.5862068966,5.5853560902,0.0974927532,3.420565198e-16,0.3287533372,0.5121951616,3.5665822939999997e-19,5.586206896567719,0.33764230460984523
easy,125,6.6034482759,6.6024425387,0.1152460632,4.043445897e-16,0.4469689089,0.4906955441,4.230018667e-19,6.603448275856971,0.4554646514428292
easy,126,7.6206896552,7.6195289872,0.1329993732,4.666326597e-16,0.5234755049,0.4678380693,4.886152106e-19,7.620689655146222,0.5315606771773508
easy,127,8.6379310345,8.6366154358,0.15075268320000001,5.289207296e-16,0.5897886267,0.4458812092,5.521994293e-19,8.637931034535459,0.5974804991211541
easy,128,9.6551724138,9.6537018843,0.1685059932,5.912087996e-16,0.9964024718000001,0.0071386949,6.036288349e-19,9.655172413824712,0.9963753022821878
easy,129,10.6724137931,10.6707883328,0.1862593032,6.534968695e-16,0.9965022239,0.007531927000000001,6.668354591e-19,10.672413793113963,0.996481902035893
easy,130,11.6896551724,11.6878747813,0.2040126132,7.157849395e-16,0.9965967671,0.0078926037,7.28815725e-19,11.689655172403214,0.9965827255128666
easy,131,12.7068965517,12.7049612298,0.22176592320000002,7.780730095e-16,0.9966865139000001,0.008224744400000001,7.931245249e-19,12.706896551692466,0.9966782552984852
easy,132,13.724137931,13.7220476784,0.23951923320000001,8.403610794e-16,0.9967718265000001,0.0085317857,8.556456625999999e-19,13.724137931081703,0.9967689135145237
easy,133,14.7413793103,14.7391341269,0.25727254320000004,9.026491494e-16,0.9968530297,0.008816641,9.173316322e-19,14.741379310370954,0.9968550757573543
easy,134,15.7586206897,15.7562205754,0.2750258532,9.649372193e-16,0.9969304170000001,0.0090817448,9.788411322999999e-19,15.758620689660207,0.9969370779701593
easy,135,16.775862069,16.7733070239,0.2927791632,0.0,0.9970042542,0.009329163100000001,1.039932468e-18,16.775862068949458,0.9970152219691277
easy,136,17.7931034483,17.7903934724,0.3105324732,0.0,0.9970747804000001,0.009560767000000001,1.102117603e-18,17.793103448238714,0.9970897794730412
easy,137,18.8103448276,18.807479921,0.3282857832,0.0,0.9971422165,0.0097779804,1.1652432610000001e-18,18.810344827627944,0.997160996198737
easy,138,19.8275862069,19.8245663695,0.34603909320000004,0.0,0.9972067616,0.0099821981,1.2284350770000002e-18,19.8275862069172,0.9972290955585076
easy,139,20.8448275862,20.841652818,0.3637924032,0.0,0.9972685941,0.010174798,1.289877775e-18,20.84482758620645,0.997294279972853
easy,140,21.8620689655,21.8587392665,0.3815457131,0.0,0.9973278843000001,0.0103566709,1.3512941640000002e-18,21.862068965493954,0.9973567352624391
easy,141,22.8793103448,22.875825715,0.39929902310000004,0.0,0.9973847874,0.0105286115,1.4112750390000001e-18,22.87931034478321,0.9974166304730556
easy,142,23.8965517241,23.8929121636,0.4170523331,0.0,0.9974394407,0.0106916641,1.4725434280000002e-18,23.896551724172443,0.9974741211093391
easy,143,24.9137931034,24.9099986121,0.4348056431,0.0,0.9974919779,0.0108463375,1.5323653470000002e-18,24.913793103461696,0.997529349730711
easy,144,25.9310344828,25.9270850606,0.4525589531,0.0,0.9975425156000001,0.0109934933,1.593547349e-18,25.931034482750945,0.9975824479564057
easy,145,26.9482758621,26.9441715091,0.4703122631,0.0,0.9975911688,0.0111334573,1.6546312080000002e-18,26.948275862040198,0.9976335364549022
easy,146,27.9655172414,27.9612579576,0.48806557310000004,0.0,0.9976380374,0.0112669563,1.7162127080000001e-18,27.965517241329454,0.9976827277953945
easy,147,28.9827586207,28.9783444062,0.5058188831,0.0,0.9976832168,0.0113944551,1.776834303e-18,28.982758620718688,0.9977301254752309
easy,148,30.0,29.9954308547,0.5235721931,0.0,0.9977267968,0.011516303700000001,1.837352951e-18,30.00000000000794,0.9977758253890767
hard,1,0.0,0.0,0.0,0.0,0.9950748697,1.72331e-05,1.4807948969999999e-21,0.0,1.723310000006093e-05
hard,2,1.0357142857,6.341920924e-17,1.0357142857,6.341920924e-17,0.9909893962,0.0822843463,6.564730253e-20,1.0357142857,0.08228434630000006
hard,3,2.0714285714,1.268384185e-16,2.0714285714,1.268384185e-16,0.9786470973,0.16428736600000002,1.3105704199999998e-19,2.0714285714,0.16428736600000007
hard,4,3.1071428571,1.902576277e-16,3.1071428571,1.902576277e-16,0.9577578321,0.2457329647,1.960419594e-19,3.1071428571,0.24573296470000006
hard,5,4.1428571429,2.53676837e-16,4.1428571429,2.53676837e-16,0.9278196952000001,0.3262109818,2.619032315e-19,4.1428571429,0.3262109818000001
hard,6,5.1785714286,3.170960462e-16,5.1785714286,3.170960462e-16,0.8881636911,0.4050455103,3.269073457e-19,5.1785714286,0.4050455103000001
hard,7,6.2142857143,3.805152554e-16,6.2142857143,3.805152554e-16,0.8382140805,0.4810273333,3.9228984229999996e-19,6.2142857143,0.4810273333000001
hard,8,7.25,4.4393446470000003e-16,7.25,4.4393446470000003e-16,0.7784359329,0.5520068622000001,4.580161208999999e-19,7.25,0.5520068622000001
hard,9,8.2857142857,5.073536738999999e-16,8.2857142857,5.073536738999999e-16,0.7122089924,0.6149254569,5.233631814e-19,8.2857142857,0.6149254569
hard,10,9.3214285714,5.707728831999999e-16,9.3214285714,5.707728831999999e-16,0.6461542051,0.667377521,5.887729960999999e-19,9.3214285714,0.667377521
hard,11,10.3571428571,6.341920924e-16,10.3571428571,6.341920924e-16,0.5861470576000001,0.7094004867,6.535224006e-19,10.3571428571,0.7094004867
hard,12,11.3928571429,6.976113017000001e-16,11.3928571429,6.976113017000001e-16,0.5347783427,0.74255431,7.184915195e-19,11.3928571429,0.74255431
hard,13,12.4285714286,7.610305109e-16,12.4285714286,7.610305109e-16,0.4917918941,0.7689990399000001,7.840398126e-19,12.4285714286,0.7689990399000001
hard,14,13.4642857143,8.244497200999999e-16,13.4642857143,8.244497200999999e-16,0.4554853515,0.7906835099,8.482745526e-19,13.4642857143,0.7906835099
hard,15,14.5,8.878689294000001e-16,14.5,8.878689294000001e-16,0.4243248149,0.8088860553,9.135725443e-19,14.5,0.8088860553
hard,16,15.5357142857,9.512881386e-16,15.5357142857,9.512881386e-16,0.3972087548,0.8244222790000001,9.782024897999999e-19,15.5357142857,0.8244222790000001
hard,17,16.5714285714,0.0,16.5714285714,0.0,0.373398283,0.8378151161,1.0428793400000001e-18,16.5714285714,0.8378151161
hard,18,17.6071428571,0.0,17.6071428571,0.0,0.3523726066,0.8494407574,1.1072940440000002e-18,17.6071428571,0.8494407574
hard,19,18.6428571429,0.0,18.6428571429,0.0,0.3337051142,0.8596106335,1.1712864060000003e-18,18.6428571429,0.8596106335
hard,20,19.6785714286,0.0,19.6785714286,0.0,0.3170200778,0.8685891056,1.235552422e-18,19.6785714286,0.8685891056
hard,21,20.7142857143,0.0,20.7142857143,0.0,0.3019974314,0.8765904087,1.299819672e-18,20.7142857143,0.8765904087
hard,22,21.75,0.0,21.75,0.0,0.28837519640000003,0.8837817919000001,1.3641245570000001e-18,21.75,0.8837817919000001
hard,23,22.7857142857,0.0,22.7857142857,0.0,0.27594395250000003,0.8902921249,1.4278638420000001e-18,22.7857142857,0.8902921249
hard,24,23.8214285714,0.0,23.8214285714,0.0,0.26453700890000004,0.8962215655,1.4912107240000002e-18,23.8214285714,0.8962215655
hard,25,24.8571428571,0.0,24.8571428571,0.0,0.25401989,0.9016497109,1.5555076480000001e-18,24.8571428571,0.9016497109
hard,26,25.8928571429,0.0,25.8928571429,0.0,0.24428259030000002,0.9066413270000001,1.6188476640000002e-18,25.8928571429,0.9066413270000001
hard,27,26.9285714286,0.0,26.9285714286,0.0,0.23523287310000002,0.9112504585000001,1.6818912120000002e-18,26.9285714286,0.9112504585000001
hard,28,27.9642857143,0.0,27.9642857143,0.0,0.2267924863,0.9155229881,1.74551641e-18,27.9642857143,0.9155229881
hard,29,29.0,0.0,29.0,0.0,0.218893483,0.9194985742,1.8092309850000004e-18,29.0,0.9194985742
hard,30,30.0,0.0,30.0,0.0,0.21172478490000002,0.9230877668,1.869987598e-18,30.0,0.9230877668
hard,31,28.9830508475,0.0,28.9830508475,0.0,0.21901874000000002,0.9194357303,1.807535077e-18,28.9830508475,0.9194357303
hard,32,27.9661016949,0.0,27.9661016949,0.0,0.2267781861,0.9155302235,1.7458311950000004e-18,27.9661016949,0.9155302235
hard,33,26.9491525424,0.0,26.9491525424,0.0,0.235059595,0.9113384961000001,1.6838046040000003e-18,26.9491525424,0.9113384961000001
hard,34,25.9322033898,0.0,25.9322033898,0.0,0.2439267763,0.9068231454000001,1.6211220160000003e-18,25.9322033898,0.9068231454000001
hard,35,24.9152542373,0.0,24.9152542373,0.0,0.2534540483,0.901940795,1.5584786030000002e-18,24.9152542373,0.901940795
hard,36,23.8983050847,0.0,23.8983050847,0.0,0.2637273499,0.8966408379,1.496536348e-18,23.8983050847,0.8966408379
hard,37,22.8813559322,0.0,22.8813559322,0.0,0.2748499884,0.8908627050000001,1.4335881790000002e-18,22.8813559322,0.8908627050000001
hard,38,21.8644067797,0.0,21.8644067797,0.0,0.28694696740000003,0.8845324081,1.3705286220000001e-18,21.8644067797,0.8845324081
hard,39,20.8474576271,0.0,20.8474576271,0.0,0.30017253860000004,0.8775574703000001,1.3081359210000001e-18,20.8474576271,0.8775574703000001
hard,40,19.8305084746,0.0,19.8305084746,0.0,0.31471946160000003,0.8698196568000001,1.245096991e-18,19.8305084746,0.8698196568000001
hard,41,18.813559322,0.0,18.813559322,0.0,0.3308282212,0.8611662818,1.181897576e-18,18.813559322,0.8611662818
hard,42,17.7966101695,0.0,17.7966101695,0.0,0.3487935943,0.8514016306000001,1.1185786360000001e-18,17.7966101695,0.8514016306000001
hard,43,16.7796610169,0.0,16.7796610169,0.0,0.36896183200000005,0.8402838706,1.055788035e-18,16.7796610169,0.8402838706
hard,44,15.7627118644,9.651877315e-16,15.7627118644,9.651877315e-16,0.3917267642,0.8275265662,9.921665642000001e-19,15.7627118644,0.8275265662
hard,45,14.7457627119,9.029175553e-16,14.7457627119,9.029175553e-16,0.4175548529,0.8127910121,9.285986037000001e-19,14.7457627119,0.8127910121
hard,46,13.7288135593,8.406473791e-16,13.7288135593,8.406473791e-16,0.4470863701,0.7956251004,8.654711439e-19,13.7288135593,0.7956251004
hard,47,12.7118644068,7.783772027999999e-16,12.7118644068,7.783772027999999e-16,0.48127265350000004,0.7753385418000001,8.016749646999999e-19,12.7118644068,0.7753385418000001
hard,48,11.6949152542,7.161070266e-16,11.6949152542,7.161070266e-16,0.5214472564,0.7508601253,7.376009478e-19,11.6949152542,0.7508601253
hard,49,10.677966101700001,6.538368504e-16,10.677966101700001,6.538368504e-16,0.5692708047,0.7205266871,6.734533736e-19,10.677966101700001,0.7205266871
hard,50,9.6610169491,5.915666742e-16,9.6610169491,5.915666742e-16,0.6256241758000001,0.6822447853,6.098738517e-19,9.6610169491,0.6822447853
hard,51,8.6440677966,5.292964979e-16,8.6440677966,5.292964979e-16,0.6889673152,0.634311484,5.460122829e-19,8.6440677966,0.634311484
hard,52,7.6271186441,4.670263217000001e-16,7.6271186441,4.670263217000001e-16,0.7547671396000001,0.5760155611000001,4.814683259e-19,7.6271186441,0.5760155611000001
hard,53,6.6101694915,4.047561455e-16,6.6101694915,4.047561455e-16,0.8164267270000001,0.5089028343,4.1725969770000003e-19,6.6101694915,0.5089028343
hard,54,5.593220339,3.424859693e-16,5.593220339,3.424859693e-16,0.8694162555,0.4359022715,3.53483524e-19,5.593220339,0.43590227150000005
hard,55,4.5762711864,2.8021579299999997e-16,4.5762711864,2.8021579299999997e-16,0.9124480824000001,0.3594540711,2.8925088800000004e-19,4.5762711864,0.35945407110000005
hard,56,3.5593220339,2.179456168e-16,3.5593220339,2.179456168e-16,0.9458368732,0.28101913430000003,2.244256366e-19,3.5593220339,0.2810191343000001
hard,57,2.5423728814,1.556754406e-16,2.5423728814,1.556754406e-16,0.9702335516,0.2014107768,1.606141819e-19,2.5423728814,0.20141077680000005
hard,58,1.5254237287999999,9.340526434000002e-17,1.5254237287999999,9.340526434000002e-17,0.9861955513,0.12110672880000001,9.621149081e-20,1.5254237287999999,0.12110672880000006
hard,59,0.5084745763,3.1135088110000003e-17,0.5084745763,3.1135088110000003e-17,0.9940907888,0.0404217376,3.1865005759999994e-20,0.5084745763,0.04042173760000006
hard,60,0.5084745763,-3.1135088110000003e-17,-0.5084745763,-3.1135088110000003e-17,0.9940936677000001,-0.0403884089,-3.216376903e-20,-0.5084745763,-0.040388408899999936
hard,61,1.5254237287999999,-9.340526434000002e-17,-1.5254237287999999,-9.340526434000002e-17,0.9862037376,-0.1210764008,-9.657523899999999e-20,-1.5254237287999999,-0.12107640079999994
hard,62,2.5423728814,-1.556754406e-16,-2.5423728814,-1.556754406e-16,0.9702457733000001,-0.2013861102,-1.607649091e-19,-2.5423728814,-0.20138611019999994
hard,63,3.5593220339,-2.179456168e-16,-3.5593220339,-2.179456168e-16,0.9458510789000001,-0.28100259,-2.243282186e-19,-3.5593220339,-0.28100258999999994
hard,64,4.5762711864,-2.8021579299999997e-16,-4.5762711864,-2.8021579299999997e-16,0.9124610726,-0.3594482899,-2.886969647e-19,-4.5762711864,-0.35944828989999994
hard,65,5.593220339,-3.424859693e-16,-5.593220339,-3.424859693e-16,0.8694215339,-0.4359111879,-3.5314571949999997e-19,-5.593220339,-0.43591118789999994
hard,66,6.6101694915,-4.047561455e-16,-6.6101694915,-4.047561455e-16,0.8164108988000001,-0.5089305535,-4.16982273e-19,-6.6101694915,-0.5089305535
hard,67,7.6271186441,-4.670263217000001e-16,-7.6271186441,-4.670263217000001e-16,0.7547169602,-0.5760562063,-4.815470495999999e-19,-7.6271186441,-0.5760562063
hard,68,8.6440677966,-5.292964979e-16,-8.6440677966,-5.292964979e-16,0.6889004042,-0.6343426693,-5.453938614e-19,-8.6440677966,-0.6343426693
hard,69,9.6610169491,-5.915666742e-16,-9.6610169491,-5.915666742e-16,0.6255726615,-0.6822567594000001,-6.095194223e-19,-9.6610169491,-0.6822567594000001
hard,70,10.677966101700001,-6.538368504e-16,-10.677966101700001,-6.538368504e-16,0.5692345447,-0.7205291284,-6.740014637999999e-19,-10.677966101700001,-0.7205291284
hard,71,11.6949152542,-7.161070266e-16,-11.6949152542,-7.161070266e-16,0.521418932,-0.7508599391,-7.3725333e-19,-11.6949152542,-0.7508599391
hard,72,12.7118644068,-7.783772027999999e-16,-12.7118644068,-7.783772027999999e-16,0.4812484849,-0.7753379984000001,-8.014566128e-19,-12.7118644068,-0.7753379984000001
hard,73,13.7288135593,-8.406473791e-16,-13.7288135593,-8.406473791e-16,0.44707002300000004,-0.7956236052000001,-8.652864532000001e-19,-13.7288135593,-0.7956236052000001
hard,74,14.7457627119,-9.029175553e-16,-14.7457627119,-9.029175553e-16,0.4175409914,-0.8127895029000001,-9.283368225e-19,-14.7457627119,-0.8127895029000001
hard,75,15.7627118644,-9.651877315e-16,-15.7627118644,-9.651877315e-16,0.39171285380000004,-0.8275254329,-9.924248327e-19,-15.7627118644,-0.8275254329
hard,76,16.7796610169,-0.0,-16.7796610169,-0.0,0.3689481074,-0.8402827775,-1.0556002020000001e-18,-16.7796610169,-0.8402827775
hard,77,17.7966101695,-0.0,-17.7966101695,-0.0,0.3487804286,-0.8514007374,-1.1190456270000001e-18,-17.7966101695,-0.8514007374
hard,78,18.813559322,-0.0,-18.813559322,-0.0,0.3308160217,-0.8611653763,-1.1820829900000002e-18,-18.813559322,-0.8611653763
hard,79,19.8305084746,-0.0,-19.8305084746,-0.0,0.3147075941,-0.8698190289000001,-1.244970194e-18,-19.8305084746,-0.8698190289000001
hard,80,20.8474576271,-0.0,-20.8474576271,-0.0,0.3001613969,-0.8775569488,-1.3077463290000002e-18,-20.8474576271,-0.8775569488
hard,81,21.8644067797,-0.0,-21.8644067797,-0.0,0.2869363372,-0.8845319832,-1.3711688840000001e-18,-21.8644067797,-0.8845319832
hard,82,22.8813559322,-0.0,-22.8813559322,-0.0,0.2748399063,-0.8908623148,-1.4335869330000001e-18,-22.8813559322,-0.8908623148
hard,83,23.8983050847,-0.0,-23.8983050847,-0.0,0.26371757700000004,-0.8966405383,-1.4959171450000001e-18,-23.8983050847,-0.8966405383
hard,84,24.9152542373,-0.0,-24.9152542373,-0.0,0.2534445939,-0.9019405176,-1.5590681750000002e-18,-24.9152542373,-0.9019405176
hard,85,25.9322033898,-0.0,-25.9322033898,-0.0,0.2439178531,-0.906822859,-1.6212590560000002e-18,-25.9322033898,-0.906822859
hard,86,26.9491525424,-0.0,-26.9491525424,-0.0,0.23505098470000002,-0.9113382397,-1.6832394100000002e-18,-26.9491525424,-0.9113382397
hard,87,27.9661016949,-0.0,-27.9661016949,-0.0,0.2267699887,-0.9155299440000001,-1.746044001e-18,-27.9661016949,-0.9155299440000001
hard,88,28.9830508475,-0.0,-28.9830508475,-0.0,0.2190109217,-0.9194354348,-1.808186834e-18,-28.9830508475,-0.9194354348
hard,89,30.0,-0.0,-30.0,-0.0,0.2117173282,-0.9230874617,-1.869984021e-18,-30.0,-0.9230874617
hard,90,29.0,-0.0,-29.0,-0.0,0.21888568220000001,-0.9194983127,-1.808544757e-18,-29.0,-0.9194983127
hard,91,27.9827586207,-0.0,-27.9827586207,-0.0,0.22663893240000002,-0.9155961318,-1.7468528540000004e-18,-27.9827586207,-0.9155961318
hard,92,26.9655172414,-0.0,-26.9655172414,-0.0,0.2349133502,-0.9114081484000001,-1.6848594790000001e-18,-26.9655172414,-0.9114081484000001
hard,93,25.9482758621,-0.0,-25.9482758621,-0.0,0.2437728942,-0.9068969743,-1.622310835e-18,-25.9482758621,-0.9068969743
hard,94,24.9310344828,-0.0,-24.9310344828,-0.0,0.25329137820000003,-0.9020193573,-1.5594433080000003e-18,-24.9310344828,-0.9020193573
hard,95,23.9137931034,-0.0,-23.9137931034,-0.0,0.2635551198,-0.8967247063,-1.4973943140000001e-18,-23.9137931034,-0.8967247063
hard,96,22.8965517241,-0.0,-22.8965517241,-0.0,0.2746668724,-0.8909525824000001,-1.4345249840000002e-18,-22.8965517241,-0.8909525824000001
hard,97,21.8793103448,-0.0,-21.8793103448,-0.0,0.2867513796,-0.8846292253,-1.3714610160000002e-18,-21.8793103448,-0.8846292253
hard,98,20.8620689655,-0.0,-20.8620689655,-0.0,0.2999627165,-0.8776623161,-1.308847202e-18,-20.8620689655,-0.8776623161
hard,99,19.8448275862,-0.0,-19.8448275862,-0.0,0.3144930083,-0.8699339853,-1.2461651250000002e-18,-19.8448275862,-0.8699339853
hard,100,18.8275862069,-0.0,-18.8275862069,-0.0,0.3305823748,-0.8612918967000001,-1.18256338e-18,-18.8275862069,-0.8612918967000001
hard,101,17.8103448276,-0.0,-17.8103448276,-0.0,0.3485242618,-0.8515411614,-1.119443251e-18,-17.8103448276,-0.8515411614
hard,102,16.7931034483,-0.0,-16.7931034483,-0.0,0.368665536,-0.8404398671000001,-1.0564892290000002e-18,-16.7931034483,-0.8404398671000001
hard,103,15.775862069,-9.659929493e-16,-15.775862069,-9.659929493e-16,0.39139913530000003,-0.8277022461,-9.929885546e-19,-15.775862069,-0.8277022461
hard,104,14.7586206897,-9.037048794e-16,-14.7586206897,-9.037048794e-16,0.41719038610000003,-0.8129902568,-9.294007117e-19,-14.7586206897,-0.8129902568
hard,105,13.7413793103,-8.414168094e-16,-13.7413793103,-8.414168094e-16,0.4466770312,-0.7958534344,-8.661532695e-19,-13.7413793103,-0.7958534344
hard,106,12.724137931,-7.791287395e-16,-12.724137931,-7.791287395e-16,0.4808057637,-0.7756050879,-8.025829284e-19,-12.724137931,-0.7756050879
hard,107,11.7068965517,-7.168406694999999e-16,-11.7068965517,-7.168406694999999e-16,0.5209061918,-0.7511788584,-7.383573317999999e-19,-11.7068965517,-0.7511788584
hard,108,10.6896551724,-6.545525995e-16,-10.6896551724,-6.545525995e-16,0.5686366924,-0.7209198208,-6.742463439e-19,-10.6896551724,-0.7209198208
hard,109,9.6724137931,-5.9226452959999995e-16,-9.6724137931,-5.9226452959999995e-16,0.6248952298,-0.6827378392,-6.101955027e-19,-9.6724137931,-0.6827378392
hard,110,8.6551724138,-5.299764596e-16,-8.6551724138,-5.299764596e-16,0.688183353,-0.6349227898,-5.46714591e-19,-8.6551724138,-0.6349227898
hard,111,7.6379310345,-4.676883897e-16,-7.6379310345,-4.676883897e-16,0.7540276553,-0.576727222,-4.821538797000001e-19,-7.6379310345,-0.576727222
hard,112,6.6206896552,-4.0540031970000003e-16,-6.6206896552,-4.0540031970000003e-16,0.8158127013,-0.5096600924,-4.1776484969999997e-19,-6.6206896552,-0.5096600924
hard,113,5.6034482759,-3.431122498e-16,-5.6034482759,-3.431122498e-16,0.8689377784000001,-0.43666593210000004,-3.540294647e-19,-5.6034482759,-0.4366659321
hard,114,4.5862068966,-2.808241798e-16,-4.5862068966,-2.808241798e-16,0.9120882037,-0.360206668,-2.8965309499999995e-19,-4.5862068966,-0.36020666799999995
hard,115,3.5689655172,-2.185361098e-16,-3.5689655172,-2.185361098e-16,0.9455776662,-0.2817529469,-2.2500282350000004e-19,-3.5689655172,-0.28175294689999997
hard,116,2.5517241379,-1.562480399e-16,-2.5517241379,-1.562480399e-16,0.9700605855000001,-0.202121973,-1.6120255979999999e-19,-2.5517241379,-0.20212197299999995
hard,117,1.5344827586,-9.395996993000002e-17,-1.5344827586,-9.395996993000002e-17,0.9860975899000001,-0.1217938883,-9.673773653e-20,-1.5344827586,-0.12179388829999994
hard,118,0.5172413793,-3.1671899980000005e-17,-0.5172413793,-3.1671899980000005e-17,0.9940595005,-0.0410848651,-3.2604905479999997e-20,-0.5172413793,-0.04108486509999994
hard,119,0.5,3.061616998e-17,0.5,3.061616998e-17,0.9941233093,0.0397485011,3.16258452e-20,0.5,0.03974850110000006
hard,120,1.5172413793000001,9.290423994e-17,1.5172413793000001,9.290423994e-17,0.9862909158000001,0.12045869390000001,9.615806465e-20,1.5172413793000001,0.12045869390000007
hard,121,2.5344827586000003,1.5519230990000001e-16,2.5344827586000003,1.5519230990000001e-16,0.9703892755,0.2007899038,1.602972142e-19,2.5344827586000003,0.20078990380000006
hard,122,3.5517241379,2.174803798e-16,3.5517241379,2.174803798e-16,0.9460517274,0.2804279512,2.238627033e-19,3.5517241379,0.2804279512000001
hard,123,4.5689655172,2.7976844980000004e-16,4.5689655172,2.7976844980000004e-16,0.9127216509,0.35889641050000004,2.883724241e-19,4.5689655172,0.3588964105000001
hard,124,5.5862068966,3.420565198e-16,5.5862068966,3.420565198e-16,0.8697473046,0.43538465540000004,3.530067474e-19,5.5862068966,0.4353846554000001
hard,125,6.6034482759,4.043445897e-16,6.6034482759,4.043445897e-16,0.8168081259000001,0.5084365835,4.1669642189999997e-19,6.6034482759,0.5084365835
hard,126,7.6206896552,4.666326597e-16,7.6206896552,4.666326597e-16,0.7551765096,0.5756161193,4.813830541e-19,7.6206896552,0.5756161193
hard,127,8.6379310345,5.289207296e-16,8.6379310345,5.289207296e-16,0.6893642256,0.6339899278000001,5.45021228e-19,8.6379310345,0.6339899278000001
hard,128,9.6551724138,5.912087996e-16,9.6551724138,5.912087996e-16,0.6259727978,0.681996916,6.091592717e-19,9.6551724138,0.681996916
hard,129,10.6724137931,6.534968695e-16,10.6724137931,6.534968695e-16,0.5695550659,0.7203402709000001,6.736842452e-19,10.6724137931,0.7203402709000001
hard,130,11.6896551724,7.157849395e-16,11.6896551724,7.157849395e-16,0.521671825,0.7507195627000001,7.369124564999999e-19,11.6896551724,0.7507195627000001
hard,131,12.7068965517,7.780730095e-16,12.7068965517,7.780730095e-16,0.4814505727,0.77523036,8.008822978999999e-19,12.7068965517,0.77523036
hard,132,13.724137931,8.403610794e-16,13.724137931,8.403610794e-16,0.44723419070000003,0.7955391468,8.64992377e-19,13.724137931,0.7955391468
hard,133,14.7413793103,9.026491494e-16,14.7413793103,9.026491494e-16,0.4176761754,0.8127222257000001,9.280600927e-19,14.7413793103,0.8127222257000001
hard,134,15.7586206897,9.649372193e-16,15.7586206897,9.649372193e-16,0.3918250648,0.8274714582,9.921720513e-19,15.7586206897,0.8274714582
hard,135,16.775862069,0.0,16.775862069,0.0,0.3690416265,0.8402393988,1.055576146e-18,16.775862069,0.8402393988
hard,136,17.7931034483,0.0,17.7931034483,0.0,0.3488589754,0.8513655989000001,1.11885003e-18,17.7931034483,0.8513655989000001
hard,137,18.8103448276,0.0,18.8103448276,0.0,0.33088150600000005,0.8611371452000001,1.181890006e-18,18.8103448276,0.8611371452000001
hard,138,19.8275862069,0.0,19.8275862069,0.0,0.314763226,0.8697960379,1.244792775e-18,19.8275862069,0.8697960379
hard,139,20.8448275862,0.0,20.8448275862,0.0,0.30020823150000003,0.8775384060000001,1.307886544e-18,20.8448275862,0.8775384060000001
hard,140,21.8620689655,0.0,21.8620689655,0.0,0.2869759322,0.8845171086,1.3709138210000002e-18,21.8620689655,0.8845171086
hard,141,22.8793103448,0.0,22.8793103448,0.0,0.2748732738,0.8908505002,1.4334618010000001e-18,22.8793103448,0.8908505002
hard,142,23.8965517241,0.0,23.8965517241,0.0,0.2637456955,0.8966312847000001,1.4958160870000003e-18,23.8965517241,0.8966312847000001
hard,143,24.9137931034,0.0,24.9137931034,0.0,0.25346803700000003,0.9019334920000001,1.5589785870000001e-18,24.9137931034,0.9019334920000001
hard,144,25.9310344828,0.0,25.9310344828,0.0,0.2439373069,0.9068177066,1.62097831e-18,25.9310344828,0.9068177066
hard,145,26.9482758621,0.0,26.9482758621,0.0,0.23506687510000002,0.9113347376,1.6831157090000002e-18,26.9482758621,0.9113347376
hard,146,27.9655172414,0.0,27.9655172414,0.0,0.2267827949,0.9155278878,1.745454068e-18,27.9655172414,0.9155278878
hard,147,28.9827586207,0.0,28.9827586207,0.0,0.2190208853,0.9194346275,1.808167498e-18,28.9827586207,0.9194346275
hard,148,30.0,0.0,30.0,0.0,0.211724776,0.9230877699000001,1.8699896510000003e-18,30.0,0.9230877699000001
